username,open,cons,extra,agree,neuro
007solotraveler,0.63272,0.55666,0.5636,0.58108,0.45881
0BKI0,0.64006,0.55189,0.5622,0.57943,0.46188
10179k79,0.66435,0.56099,0.5688,0.58187,0.45011
124_10,0.66003,0.57005,0.57221,0.59019,0.4486
12ReasonsWhy,0.65036,0.55429,0.5651,0.58271,0.45919
14beacon,0.64359,0.56584,0.56965,0.59001,0.45454
150NightsPerYear,0.64723,0.56101,0.56812,0.5868,0.45754
1771,0.6425,0.56661,0.56833,0.58737,0.4563
186402Sarah1984,0.64739,0.55803,0.56643,0.58308,0.45631
1969ws,0.63786,0.56099,0.56748,0.58927,0.45958
1975mark,0.64677,0.55168,0.56126,0.57491,0.46268
19822011,0.64988,0.56369,0.56874,0.58583,0.45308
1984travel,0.65541,0.5623,0.56972,0.58719,0.4505
19Cam,0.64198,0.55524,0.56619,0.58622,0.46087
19katy80,0.6448,0.55656,0.5665,0.58612,0.45836
1Angie,0.64168,0.55672,0.56658,0.58755,0.45987
1KathrynK,0.65033,0.5682,0.57021,0.5865,0.44882
1ManhattanBeach,0.53302,0.461,0.51717,0.5334,0.53638
1NicePerson,0.6547,0.56117,0.56939,0.58548,0.45193
1VAnurse,0.64105,0.56638,0.56915,0.59073,0.456
1Vegas2008,0.64974,0.55777,0.56574,0.58108,0.45854
1happygolucky,0.64429,0.55972,0.56775,0.58965,0.46192
1oldseagull,0.64249,0.56435,0.56671,0.58414,0.45906
2000AtlanticGT,0.6448,0.55186,0.56297,0.5787,0.46457
2008travellover,0.64894,0.55619,0.56583,0.57877,0.45764
2011ChgoWanderer,0.64974,0.55596,0.56484,0.58153,0.4596
2093,0.65093,0.56162,0.56747,0.58341,0.45337
209967Jenny,0.64941,0.55863,0.5673,0.58478,0.45333
2156Michael,0.65127,0.55904,0.56655,0.5826,0.45612
23betty,0.64511,0.55366,0.56423,0.58042,0.46032
23stationroad,0.64325,0.55728,0.56427,0.57839,0.45925
243345,0.63795,0.55325,0.56345,0.58168,0.46433
25YearsAbroad,0.64548,0.55571,0.56779,0.58732,0.45641
29grapes,0.65625,0.56176,0.56698,0.58058,0.4547
2CachePirates,0.6435,0.55426,0.56418,0.58173,0.46176
2FoodJunkies,0.64984,0.55885,0.56732,0.58459,0.45567
2Travelers2go,0.6484,0.55995,0.56835,0.58685,0.45411
2jbsdad,0.65298,0.57247,0.57173,0.58971,0.44559
2tampuh2,0.64847,0.55691,0.56637,0.5853,0.45982
2teeth,0.63742,0.5707,0.56778,0.59039,0.45813
2toots,0.64606,0.56533,0.56923,0.59024,0.45483
30Brooklyn50,0.64173,0.55968,0.56761,0.58714,0.45541
312Seaton,0.64448,0.55622,0.56478,0.58203,0.46125
32369Terry,0.64267,0.56354,0.56812,0.58701,0.45541
3kidsmama,0.65109,0.55914,0.5683,0.58842,0.45753
3love2travel3,0.64949,0.56681,0.57109,0.59143,0.45087
4038,0.63634,0.56082,0.56784,0.59075,0.46306
422,0.64272,0.55374,0.56611,0.58561,0.46018
45Jen,0.6523,0.54881,0.55988,0.56836,0.46402
4959keeton,0.64597,0.5563,0.56733,0.58472,0.45768
4alive,0.65078,0.55221,0.56359,0.57713,0.45949
4bigdogsCalgary,0.64484,0.55967,0.5665,0.58313,0.4575
5264,0.64534,0.55801,0.5646,0.57697,0.45721
5474C,0.65765,0.56013,0.56772,0.58266,0.45392
54Penny,0.63733,0.54347,0.55869,0.57091,0.46821
5Tim5,0.64354,0.55743,0.56483,0.58023,0.45895
5herry,0.62981,0.55165,0.5613,0.57947,0.46674
5hreek,0.65118,0.56438,0.56817,0.58558,0.4528
5x24,0.6472,0.55442,0.56502,0.5809,0.45845
604tinkoo,0.64101,0.5583,0.56599,0.58262,0.46224
6079max,0.64525,0.55715,0.56473,0.57977,0.45966
678855,0.63959,0.55731,0.56596,0.58653,0.46215
6dogs,0.64396,0.56314,0.56734,0.58758,0.4587
74gremlin,0.6496,0.56427,0.56708,0.58356,0.45315
77pearl,0.6471,0.56339,0.56866,0.58662,0.45479
7ContinentsX,0.64954,0.55988,0.56697,0.58412,0.45388
801Milles,0.64321,0.56142,0.56788,0.58936,0.45811
808Couple,0.64074,0.56074,0.56392,0.58383,0.46353
9jajet,0.6478,0.5589,0.56873,0.58874,0.45649
A.Brouwer,0.64814,0.56779,0.57115,0.591,0.45181
A2Mich_Traveler,0.66015,0.56615,0.56931,0.58229,0.45056
AA7482,0.64459,0.55741,0.5666,0.58684,0.4594
AA75,0.64137,0.55404,0.56499,0.5845,0.46324
AACC777,0.64945,0.5606,0.5678,0.58466,0.45334
AAM17,0.64087,0.55342,0.56344,0.58257,0.46508
AANetherlands,0.64478,0.56992,0.56957,0.59136,0.45248
ABCDEFG_1234,0.63972,0.55367,0.56475,0.58378,0.46256
ABitSpoiled,0.64913,0.56756,0.5697,0.58796,0.45294
ABrotmann,0.64415,0.55588,0.56543,0.58466,0.46317
AD09,0.65088,0.56596,0.57168,0.59066,0.4498
AFMom06,0.63427,0.56279,0.56781,0.58919,0.46101
AFamilyYorkshire,0.64523,0.55713,0.56667,0.58741,0.46027
AGRTraveler,0.65441,0.56734,0.56959,0.58586,0.44982
AGirlInVermont,0.64791,0.5633,0.56813,0.58443,0.45253
AHM,0.64588,0.56103,0.56805,0.58453,0.45596
AJ002,0.63392,0.55114,0.56153,0.58038,0.46624
AJBoston5996,0.64642,0.5589,0.56726,0.58471,0.45605
AJC22,0.65216,0.56073,0.56842,0.58681,0.45421
AJJean,0.64748,0.56342,0.56847,0.58661,0.45573
AJW123,0.64689,0.55009,0.56096,0.57154,0.46362
AJtripper,0.64697,0.56079,0.56605,0.58007,0.45546
ALLIGATOR9,0.6461,0.55996,0.56702,0.58449,0.45824
ALP86,0.63286,0.55204,0.56327,0.5836,0.46622
ALadyDragon,0.6302,0.54971,0.56106,0.58272,0.47261
ALiEN2108,0.63493,0.55508,0.56383,0.58325,0.46626
AM__26__AP,0.63349,0.55518,0.56565,0.59089,0.46623
ANCY65441,0.6518,0.55146,0.56216,0.57587,0.46302
APBPennsylvania,0.63936,0.55662,0.567,0.58802,0.46422
AQMRN,0.64935,0.5568,0.56731,0.58388,0.45799
ARKJ14,0.6551,0.55512,0.56507,0.57718,0.45578
ARugby,0.65383,0.55825,0.56667,0.58065,0.45425
ASK_THE_LEYLANDS,0.64809,0.56359,0.57094,0.58953,0.4583
ASN1972,0.64001,0.55849,0.56631,0.58739,0.46212
ASWh,0.64842,0.55595,0.56591,0.58237,0.45738
ATCMC,0.65649,0.56372,0.56818,0.58269,0.45197
ATJLancsUK,0.64856,0.55884,0.56705,0.58334,0.45745
ATP1,0.64654,0.5633,0.56854,0.58609,0.45282
AURACE,0.6438,0.56564,0.56896,0.58692,0.45425
AUandUKcitizen,0.64431,0.55423,0.56353,0.5802,0.46259
AVSENT,0.64672,0.56202,0.56906,0.58902,0.45651
AV_Surrey,0.63575,0.54729,0.56017,0.57642,0.46879
AZSoonerOrLater,0.64287,0.56652,0.5694,0.59087,0.45702
AZStaish,0.63912,0.55942,0.56771,0.58919,0.4592
A_Florida_Traveler,0.64417,0.55913,0.56511,0.58082,0.46024
AashishSharma,0.64855,0.56016,0.56861,0.58781,0.4541
Abc123XYZ3,0.65606,0.55915,0.56752,0.58202,0.45375
AbhishekBagri,0.64952,0.55897,0.56622,0.58175,0.45625
Abigailadamsn00,0.65971,0.56379,0.57058,0.58509,0.44823
Acatchyscreenname,0.64158,0.55807,0.56614,0.58546,0.45988
AceTexas,0.64398,0.55252,0.56202,0.57548,0.46446
AcerLeeds,0.64965,0.56178,0.56807,0.58652,0.45309
Activetravell3r,0.65856,0.56381,0.57084,0.5893,0.44935
AcuV,0.64998,0.56016,0.56947,0.59045,0.45322
Ad_Guy_Ed,0.63709,0.55562,0.56677,0.58961,0.46384
Adam20191,0.66074,0.5611,0.56907,0.58167,0.44932
AdamVancouver_BC,0.64346,0.5722,0.57281,0.59537,0.44948
AdarshP,0.64081,0.56934,0.56275,0.57962,0.46369
AdelaideNev,0.63381,0.55817,0.56589,0.58906,0.46673
AdiPanait,0.64891,0.55356,0.56077,0.572,0.45938
AdityaNewDelhi,0.64301,0.55541,0.56452,0.58238,0.46136
AdrianandLoretta,0.64055,0.55777,0.56361,0.5815,0.4619
Adventure2009,0.64519,0.56177,0.56736,0.5847,0.45451
Advisor1803,0.64688,0.55926,0.56527,0.58022,0.45862
Aelwyn,0.64809,0.56011,0.56591,0.5802,0.45513
AffairsinMiami,0.64254,0.55835,0.56665,0.58519,0.45753
AfricanHeather,0.63992,0.55753,0.56518,0.58535,0.46192
Agent9,0.64705,0.55672,0.5668,0.58454,0.45804
AggieAbroad,0.65381,0.57191,0.57346,0.59136,0.44544
AhNOUR,0.6386,0.55361,0.56354,0.58375,0.46596
AhmetD,0.64554,0.56469,0.56933,0.59192,0.45886
Aidasas,0.64515,0.5596,0.56736,0.58575,0.45859
Ainom,0.64275,0.55702,0.56483,0.58502,0.46123
Airpudin,0.64329,0.5612,0.56738,0.58608,0.46033
Aives,0.62917,0.55457,0.56328,0.58739,0.47075
Akis1966,0.52549,0.45613,0.51006,0.52168,0.54414
Akramdash,0.64088,0.56424,0.56731,0.58451,0.46504
AlNic,0.64019,0.55541,0.56554,0.58518,0.4617
AlabamaTraveler0,0.64335,0.55775,0.56756,0.5882,0.46008
AlaninVirginia,0.65428,0.56506,0.56935,0.58685,0.45245
Alanis628,0.65014,0.56182,0.5676,0.58414,0.45586
Alasunk,0.64572,0.56599,0.56962,0.58829,0.4549
Albela_Musafir,0.63508,0.55481,0.5652,0.58897,0.46663
AlbertasHome,0.6452,0.5605,0.56509,0.58335,0.45796
Albuq1,0.63849,0.55722,0.5653,0.58402,0.46005
Albymorkel,0.65066,0.56336,0.56879,0.58527,0.45271
Alchemy1200,0.64943,0.56449,0.5682,0.58527,0.45487
Alessandragerard,0.65892,0.5581,0.56445,0.58006,0.45453
AlexUkie,0.62996,0.55113,0.56132,0.58345,0.4724
AlexandrP,0.42623,0.38122,0.46915,0.48284,0.61205
Alexandriciul,0.6489,0.55404,0.56342,0.57676,0.45258
Alfanumeric,0.64278,0.5584,0.56456,0.58283,0.46163
Alfapair,0.63295,0.54209,0.55673,0.57284,0.47598
AliDUk,0.64297,0.55646,0.56473,0.58329,0.46175
Alicanteman,0.63762,0.55185,0.5633,0.58166,0.46639
AliceBlue-Chicago,0.65593,0.57221,0.5732,0.59259,0.44415
AliceMadera_CA,0.64075,0.56269,0.56778,0.58831,0.45582
Alice_W85,0.64618,0.55123,0.56321,0.57958,0.46282
Alison186470,0.64681,0.55668,0.56713,0.58617,0.45816
AlisonandBill,0.64568,0.55824,0.56701,0.58618,0.45808
Alkeshmehta,0.62966,0.56015,0.56615,0.58877,0.46404
AllyBee43,0.65696,0.55958,0.56779,0.58149,0.45203
AllyandBill,0.65213,0.56505,0.57136,0.59126,0.45273
Almousa,0.63665,0.56132,0.5638,0.58565,0.46456
Aloushka,0.64553,0.57156,0.57034,0.58302,0.44115
Altaskibum,0.63626,0.5573,0.56623,0.58889,0.4618
Alverson,0.64821,0.56021,0.56669,0.58133,0.4552
AlvinTSingapore,0.64209,0.55463,0.56563,0.58389,0.46083
Alxon,0.65318,0.56196,0.56752,0.58331,0.45672
Alycidon,0.65036,0.55746,0.56712,0.58372,0.45517
AlysonSP,0.64536,0.55378,0.56349,0.5832,0.464
Aman-India,0.63545,0.57123,0.56781,0.589,0.4605
Amarone61,0.63894,0.55339,0.56479,0.58481,0.46279
Amaryllis2011,0.65712,0.56629,0.5692,0.58569,0.4487
Amber9,0.64513,0.55335,0.56286,0.58356,0.46612
Americk,0.65005,0.56988,0.56998,0.5885,0.45115
Amerisam,0.64279,0.55853,0.56651,0.58436,0.45966
Amesthyite,0.64527,0.55634,0.5655,0.58196,0.45919
Amigolovelyhair,0.65945,0.56432,0.56875,0.58502,0.45187
AmoreBella,0.64444,0.57286,0.57035,0.59002,0.45568
AmyKinPhX,0.64903,0.56114,0.5673,0.58282,0.4544
AmyL55,0.64637,0.56164,0.56824,0.58524,0.45312
Amyksholiday,0.64091,0.55839,0.56719,0.58742,0.45745
Ana005,0.63884,0.55694,0.56525,0.58377,0.46175
AnaS1,0.65115,0.55923,0.56535,0.5785,0.45724
Analisa,0.63934,0.56166,0.56532,0.57859,0.45739
AnarKhaos,0.64469,0.55707,0.56544,0.58303,0.46033
Anarusso01,0.63715,0.56334,0.56793,0.59129,0.45956
Andariego,0.65217,0.56146,0.56841,0.58524,0.45435
AndiJ_AJ,0.64579,0.55641,0.56547,0.58087,0.45632
Andrea13,0.63876,0.55681,0.56712,0.5902,0.4623
Andrea63,0.65361,0.56397,0.5705,0.58852,0.45119
Andrey_Buzin,0.65473,0.56704,0.5698,0.58661,0.45149
Andriegel,0.63949,0.5501,0.56531,0.5833,0.46043
AndyCatChilliwack,0.64858,0.55905,0.56731,0.58472,0.45401
AndyChiara,0.65002,0.55739,0.56596,0.58407,0.45789
AndyOEastYorkshire,0.65224,0.54835,0.56031,0.56931,0.46302
Andy_from_Oz,0.64367,0.5585,0.56402,0.57574,0.45787
Andysa59,0.65569,0.56624,0.57147,0.59036,0.4503
Anecdotal,0.64871,0.56101,0.56758,0.58613,0.45658
Angel84India,0.64474,0.5525,0.56375,0.57999,0.46194
AngelFishLush,0.64241,0.56006,0.56727,0.58856,0.45691
Angela075,0.64797,0.56592,0.56962,0.58881,0.45294
Angela1702,0.63713,0.57305,0.56753,0.59068,0.45813
AngelaBax,0.64779,0.55793,0.56531,0.57991,0.45575
AngelaDickens,0.65185,0.56581,0.56938,0.58912,0.45222
AngelenePenguin,0.64811,0.55803,0.56726,0.58435,0.45619
Angelschild,0.64211,0.5509,0.56451,0.58724,0.46479
Angey,0.63766,0.55305,0.5632,0.57898,0.46437
AngloIrishRover,0.6448,0.56103,0.56532,0.58094,0.45759
AngusAsh,0.65482,0.56493,0.56924,0.58451,0.451
Anna1834,0.6509,0.55638,0.5661,0.58187,0.45689
AnnaC23,0.64674,0.54784,0.56134,0.57735,0.46725
AnnaL_10,0.65152,0.56741,0.57164,0.59222,0.4517
AnnaNorlander,0.65092,0.5687,0.56867,0.5827,0.44867
AnnaToni,0.64966,0.55622,0.56579,0.58012,0.45575
Anna_Shaws_Holidays,0.62021,0.54863,0.56053,0.58557,0.47413
Anne154,0.63089,0.55232,0.56195,0.58085,0.46772
Anneks,0.64231,0.5569,0.56551,0.58475,0.46115
Annette7256,0.65248,0.5571,0.56604,0.57879,0.4553
AnnieB08,0.64823,0.55747,0.5684,0.58956,0.4573
AnnieGee_11,0.65568,0.56737,0.5714,0.58798,0.45203
AnnieHEngland,0.64612,0.55913,0.56707,0.58564,0.45559
AnnieW69,0.64594,0.55991,0.56819,0.58892,0.45733
AnniiL,0.64449,0.56051,0.56668,0.58422,0.45786
Anon4444,0.6446,0.55785,0.56839,0.58799,0.45726
Anon_Contributor,0.65444,0.55748,0.56832,0.58601,0.45459
AnotherNIteOnTheRoad,0.64183,0.55951,0.56769,0.58914,0.45948
Anrmd,0.64356,0.55855,0.56823,0.58894,0.45869
AnshumanGoyal,0.63905,0.56728,0.56719,0.5857,0.45907
Antoinette78,0.6352,0.55589,0.56269,0.5827,0.46461
Antonius-Pax,0.6532,0.56436,0.56785,0.58126,0.452
Antsy280,0.6421,0.55907,0.56709,0.58949,0.45894
AnupMehta,0.65695,0.59405,0.57478,0.5936,0.46737
Aprile_24,0.66003,0.56263,0.57012,0.58679,0.45259
Aquaplsh,0.64503,0.55783,0.56712,0.5867,0.4582
Aquarian_Mermaid,0.64427,0.55366,0.56522,0.58391,0.46113
AradhanaVerma,0.64807,0.56145,0.56736,0.58573,0.45737
Arandale,0.65334,0.55435,0.56551,0.58165,0.46076
Archerandchewy,0.64767,0.56263,0.5684,0.58555,0.45561
ArcheryFamily-NJ,0.64544,0.56,0.56731,0.58636,0.45818
Arilh,0.6585,0.56323,0.56868,0.57996,0.44643
Arlette004,0.65285,0.57169,0.57185,0.59126,0.45061
Armymed,0.64694,0.55806,0.56553,0.58173,0.45772
ArnaudLondon75,0.64659,0.56197,0.56744,0.58585,0.45777
Arnie_MD,0.63571,0.55847,0.56576,0.59062,0.46578
ArtRussianMom,0.64549,0.57277,0.57247,0.59161,0.44841
Arthur010,0.65877,0.55867,0.56697,0.58098,0.45498
ArthurCBirmingham,0.64541,0.55534,0.56514,0.58473,0.46276
AryanaToronto,0.63756,0.55359,0.56441,0.58272,0.46216
AsexualSydney,0.63844,0.55966,0.56415,0.58079,0.45899
Ashiyadudeman,0.63664,0.55773,0.56509,0.58342,0.46224
AshleyDCandBrussels,0.64889,0.56777,0.57047,0.59082,0.45282
AskPranav,0.63867,0.55791,0.56711,0.58856,0.4623
AskingForHelp,0.65373,0.55691,0.56934,0.58893,0.45395
AspiringFoodie,0.65168,0.56204,0.56896,0.58645,0.45316
AsquareIU,0.64187,0.55851,0.56742,0.58855,0.45921
AstonUk,0.64227,0.55023,0.56307,0.58184,0.464
Astra29,0.6398,0.5428,0.55693,0.57,0.47459
Astrid72,0.64575,0.55993,0.5683,0.58728,0.45507
Atena,0.64387,0.55695,0.5669,0.58743,0.45856
Atl30309,0.65309,0.56657,0.56983,0.5847,0.45099
Atlanta_Ga_Doorman,0.63853,0.55592,0.56506,0.58666,0.46257
AtoZHouston,0.6427,0.56743,0.56943,0.59082,0.45404
AtomicTraveller,0.64405,0.5514,0.56297,0.57937,0.46314
AttitudeAdjuster,0.64339,0.55473,0.56341,0.57655,0.46053
Audi268,0.64001,0.56412,0.57134,0.59543,0.45553
Auli51,0.64913,0.56441,0.56881,0.58487,0.45265
AusBeagle,0.64762,0.55886,0.5665,0.58267,0.45649
AusTravellerSydney,0.6473,0.55856,0.56712,0.58523,0.45845
AusTripPlanner,0.64961,0.56251,0.56779,0.58233,0.45348
AusfamItaly,0.6508,0.56287,0.56786,0.58315,0.45204
Aussie067,0.64055,0.56475,0.56785,0.58857,0.46051
AussieTraveller1983,0.6377,0.5532,0.56446,0.58499,0.46512
Aussie_Andrew,0.64591,0.55531,0.56384,0.57639,0.45933
Aussie_travellers201,0.64304,0.55225,0.56415,0.5811,0.46329
Aussienando,0.63967,0.55914,0.56612,0.58591,0.45951
Aussiepilot,0.63859,0.54771,0.56256,0.58251,0.46688
Aussieseurosummer,0.645,0.55985,0.56789,0.59051,0.45912
AustenWodehouse,0.63847,0.55071,0.56226,0.57896,0.46673
AustinBeach001,0.6443,0.56121,0.56884,0.59024,0.45959
Austinguytexas,0.6464,0.56508,0.57023,0.59023,0.45275
Ausyuppy,0.63712,0.55493,0.56592,0.58757,0.4638
Avatar07,0.65263,0.56204,0.56972,0.5852,0.45162
Averbuch,0.66017,0.5669,0.56958,0.58459,0.45099
Avinash_b11,0.65035,0.5625,0.56741,0.58508,0.45575
Avishai625,0.66285,0.56988,0.5708,0.58515,0.45086
AvniBaroda,0.64353,0.55408,0.56554,0.5856,0.46139
AvocadoInParadise,0.64218,0.5539,0.56533,0.58504,0.46095
Avsecken,0.62492,0.57137,0.56794,0.58643,0.45936
AwSnowboarder,0.63225,0.56112,0.56722,0.58852,0.46305
AwakenTampa,0.63346,0.55555,0.56448,0.58481,0.46406
Awful_Kgp,0.65781,0.55701,0.56187,0.5608,0.4412
Awkward_Veggie,0.63639,0.55404,0.56396,0.58535,0.46642
AyannaFlorida,0.6457,0.56552,0.56946,0.58896,0.45513
AyeletH,0.65188,0.55777,0.56733,0.58318,0.45745
Aylab,0.65725,0.56134,0.56829,0.58244,0.45226
AyrshireBacon,0.64945,0.55615,0.56468,0.58014,0.45825
Ayrshirelinz,0.64226,0.55281,0.56425,0.58156,0.4617
Azmi-Travel,0.64906,0.5589,0.56717,0.58601,0.45855
AznArt,0.65582,0.55996,0.5693,0.58677,0.45465
B-Abroad,0.65171,0.56454,0.56906,0.58998,0.45581
B0F,0.66821,0.56039,0.56715,0.57553,0.45038
BAJB,0.64774,0.55566,0.56623,0.58666,0.46007
BAMMOSWIFE,0.64451,0.56086,0.56662,0.58381,0.45391
BBunbun,0.64649,0.5538,0.5639,0.57744,0.46073
BCLions123,0.64061,0.56283,0.56689,0.58608,0.46106
BC_Eagle_JD,0.65015,0.5542,0.56704,0.58317,0.45676
BCtraveler44,0.6328,0.56124,0.56568,0.587,0.46361
BDL999,0.64713,0.55716,0.56602,0.58149,0.45705
BE-Pieter,0.64495,0.56886,0.57034,0.59003,0.45251
BENtraveln,0.65408,0.55459,0.56538,0.57716,0.45622
BEYLHR,0.65725,0.55701,0.5653,0.5779,0.45501
BHappynow,0.64074,0.56109,0.56828,0.59277,0.45873
BHayes55,0.65706,0.55759,0.56576,0.57901,0.45488
BIBGNottingham,0.64438,0.56114,0.56623,0.58663,0.4627
BJC84,0.64212,0.55081,0.56254,0.57968,0.46651
BJD081311,0.64716,0.55825,0.56464,0.57895,0.4565
BLinFlorence,0.65928,0.56344,0.56929,0.58708,0.45169
BMBeer,0.6481,0.55283,0.56522,0.58191,0.4591
BMWM5Driver,0.65334,0.56576,0.56956,0.58789,0.45339
BMWilliams1982,0.63822,0.55188,0.56443,0.58551,0.464
BReade81,0.64405,0.56535,0.56975,0.5931,0.45342
BSAP,0.64787,0.55626,0.56343,0.57589,0.46102
BSFTL,0.66607,0.57531,0.57508,0.59152,0.44295
BTH1,0.65597,0.55879,0.56546,0.57657,0.45485
BTT,0.64071,0.56129,0.56811,0.58785,0.45748
B_Pope,0.64841,0.56081,0.56834,0.58746,0.45551
Babs065,0.63433,0.56705,0.56791,0.59199,0.45717
BabsLimerick_Ireland,0.6319,0.54935,0.55942,0.58245,0.47485
Back_to_Sandringham,0.65193,0.55966,0.56707,0.58197,0.45585
Backfixer,0.65677,0.55927,0.56674,0.58069,0.45657
Badgerhound,0.64529,0.56452,0.56831,0.58768,0.45753
Badgerjim,0.65248,0.56153,0.56838,0.58388,0.45089
Badlydrawngirl,0.6434,0.56517,0.56944,0.59126,0.45623
Bafio,0.65306,0.55316,0.56519,0.57946,0.45772
BaggageAllowance,0.64758,0.55224,0.56427,0.58134,0.46122
Baidoo,0.65278,0.56662,0.57026,0.58687,0.45043
Baker07,0.64845,0.56202,0.56916,0.58823,0.45389
Baldvin_and_Grace,0.6402,0.55779,0.567,0.58801,0.45992
BambangKaro,0.65816,0.5697,0.56932,0.58232,0.4486
BandiB,0.63731,0.55595,0.56499,0.58275,0.46142
Bangkokexpat,0.65138,0.56063,0.5691,0.5872,0.45503
Bappa_Mumbai,0.64608,0.56249,0.56744,0.58342,0.45557
Barb228,0.65137,0.56111,0.56841,0.58318,0.45177
BarbM2015,0.65113,0.56306,0.56925,0.58755,0.45266
Barbara48,0.64458,0.55918,0.56698,0.58408,0.45729
Barbie892,0.65387,0.56408,0.56917,0.58244,0.44959
BarefootReviewer,0.64735,0.56176,0.56932,0.5887,0.45
Bariloche-61,0.63971,0.55467,0.56108,0.57704,0.46534
Barmag,0.65369,0.5587,0.56845,0.58652,0.45429
Barnaby_Jones,0.65394,0.56553,0.5687,0.58268,0.45495
Barney2009,0.64314,0.55913,0.56694,0.58118,0.4581
BaronVonNick,0.65052,0.55484,0.56428,0.58139,0.45939
BarryBethal,0.63983,0.55191,0.56358,0.58286,0.46332
BarryC2010,0.6453,0.55741,0.56482,0.58018,0.45989
Basics100,0.64423,0.55442,0.56624,0.58637,0.45941
Battota_AA,0.63975,0.56167,0.56687,0.58559,0.45867
Baxman,0.63603,0.55888,0.56636,0.58817,0.46168
Bazzer73,0.65351,0.56398,0.56917,0.58607,0.45298
BeATraveler,0.65026,0.55787,0.56644,0.58212,0.45534
BeHappy001,0.64828,0.55641,0.56572,0.58177,0.46004
BeLLaJade,0.65009,0.56864,0.57096,0.58797,0.44917
BeMySamaritan,0.6543,0.56802,0.57216,0.5911,0.44782
Beach-n-Scuba,0.65408,0.56433,0.56966,0.58657,0.45287
Beaches2626,0.64055,0.55605,0.56722,0.58914,0.46014
Beans_puka_shell,0.64889,0.55716,0.56615,0.58101,0.45678
BeansterIreland,0.64526,0.55407,0.5657,0.58588,0.46109
Bear_Eskimo,0.64437,0.55668,0.56527,0.58391,0.45828
Bearable1,0.64876,0.56338,0.5684,0.58613,0.45597
Bearded_Beast,0.64382,0.55678,0.56654,0.58479,0.45947
BeatriceNY,0.64594,0.56768,0.56968,0.58961,0.45639
Beaverlea_10,0.64831,0.56046,0.56673,0.5827,0.45649
BecSutb,0.6462,0.55059,0.56397,0.58115,0.46169
BeckyCooper,0.65025,0.56813,0.57229,0.59459,0.45098
Becsupierz,0.65197,0.55922,0.56723,0.58298,0.45511
Bee833,0.64147,0.56074,0.56809,0.59236,0.46027
Beeffinder,0.63124,0.54964,0.56101,0.57917,0.46741
BeingGreen,0.6465,0.5616,0.56857,0.58624,0.45204
BeingUs,0.64766,0.56495,0.56906,0.59044,0.4549
Bel1,0.64722,0.56779,0.56846,0.58758,0.4562
Bel20,0.64416,0.55606,0.56699,0.58702,0.45961
BelDan23,0.63919,0.54754,0.56051,0.5766,0.46729
Belgian,0.63385,0.5574,0.56564,0.59028,0.46493
Belgian_EU,0.64117,0.5572,0.56642,0.58572,0.46077
Belle2375,0.64136,0.55121,0.56449,0.58485,0.46295
BellsHollow,0.62549,0.55657,0.56038,0.58468,0.47393
Benjamin_S,0.62938,0.55442,0.56504,0.59057,0.4688
BennyDoran,0.64808,0.55672,0.56583,0.58297,0.45876
BergenRoy,0.63713,0.55817,0.56478,0.58527,0.46437
Bergern,0.64542,0.56141,0.56876,0.5879,0.45468
BermyBye,0.64492,0.55691,0.56715,0.58675,0.45863
BertDC,0.64867,0.5626,0.56804,0.58535,0.45531
Bertaccone,0.65077,0.56745,0.56914,0.58559,0.45146
Bertrand_FRA,0.63,0.54505,0.56009,0.5809,0.47715
Bertybign,0.64327,0.55395,0.56524,0.58246,0.46103
Betabloke,0.64056,0.56138,0.56699,0.58784,0.4601
Bethelpeeps,0.65306,0.56469,0.57108,0.59093,0.45056
Betsyat240,0.64744,0.55797,0.56523,0.5801,0.45898
BettyB000_10,0.65408,0.56249,0.56789,0.58459,0.45278
Beverley29,0.64994,0.55408,0.5633,0.57679,0.4608
Bicky2,0.63899,0.56218,0.56752,0.58904,0.45972
BienVago,0.65084,0.55944,0.56623,0.57939,0.45515
BigBlueOcean7,0.64172,0.55712,0.56552,0.58248,0.45938
BigCanadianFamily,0.63882,0.55259,0.56373,0.58448,0.46504
BigRuss1213,0.64898,0.56098,0.56679,0.58283,0.45779
Bigdaddi0,0.64004,0.55723,0.5654,0.58484,0.46134
Bignbeefy,0.62748,0.5578,0.56556,0.59068,0.46549
Bigredbard,0.65022,0.57088,0.56871,0.58854,0.45451
Bijouxmama,0.64333,0.55993,0.56707,0.58531,0.4573
Bildo,0.63459,0.55918,0.56712,0.59251,0.46296
Bill_Fareham,0.65039,0.56546,0.56879,0.58378,0.45166
BillsMaryland,0.6539,0.57126,0.57331,0.59033,0.44548
BinDereDoneDat,0.63823,0.55626,0.56522,0.58492,0.46143
Bingenheimer,0.65646,0.56345,0.56958,0.58371,0.4493
Bingley1,0.64914,0.55852,0.56677,0.58387,0.45633
BinsSingapore,0.65284,0.56531,0.57088,0.59039,0.45329
Bird-Bird-Blogger,0.64337,0.56316,0.57003,0.59297,0.45723
Birdbrain72,0.64208,0.55745,0.56636,0.58664,0.45837
Birdmombjk,0.6447,0.56492,0.57092,0.59187,0.45518
Birdyc3,0.64204,0.56082,0.56554,0.5836,0.45612
BirminghamJollyBoy,0.64993,0.56596,0.56976,0.58466,0.44915
BirminghamLola,0.65815,0.5593,0.56695,0.57834,0.45182
BishopORyan,0.64781,0.56238,0.57055,0.59,0.45233
BitteWesterlund,0.65927,0.57116,0.57249,0.59021,0.44801
BizLeisureFred,0.64651,0.55761,0.56698,0.5847,0.45654
BizLisTrotter,0.63929,0.55367,0.56338,0.57837,0.46291
Biz_Traveller008,0.65216,0.56844,0.57028,0.58762,0.44982
BizzyLizzy1,0.64664,0.5694,0.56989,0.59165,0.45397
Bjod,0.64594,0.55799,0.56526,0.58065,0.45929
Bjorn61,0.64292,0.55356,0.56578,0.58446,0.45956
BlackburnRovers4,0.63638,0.5579,0.56626,0.5879,0.46179
BlackpoolTourist,0.64226,0.55199,0.56327,0.57919,0.4621
Blairz,0.64169,0.55873,0.56722,0.58686,0.45672
Blakely69,0.65053,0.56021,0.5694,0.58828,0.45409
Blaze14,0.64094,0.55079,0.56201,0.57952,0.4664
Blerke,0.64619,0.55169,0.56472,0.58235,0.46061
BlindNinja,0.64579,0.55788,0.5653,0.58389,0.46186
Blitchy,0.65137,0.55848,0.56701,0.58301,0.45586
BlockIslandgirl831,0.63428,0.56701,0.56727,0.58907,0.46094
Blue_Norseman,0.64861,0.56392,0.56856,0.58605,0.45397
Bluechip78,0.64487,0.55525,0.56427,0.5784,0.4596
BluesTraveler75,0.64638,0.56877,0.57061,0.58824,0.45279
Blueyedworldtraveler,0.65166,0.55943,0.57025,0.59114,0.45368
Blurgeshmurg,0.6489,0.5586,0.56555,0.58114,0.45559
Bmthlad35,0.65249,0.55091,0.56086,0.57222,0.4622
Bob1949,0.64608,0.55466,0.56566,0.58295,0.4589
BobDong,0.65056,0.55977,0.56784,0.58467,0.45435
BobHarvey,0.65886,0.55958,0.567,0.58032,0.45278
BobSanJuan,0.63621,0.55714,0.56374,0.5863,0.47088
BobWritesAReview,0.65084,0.5595,0.56573,0.58122,0.4561
Bob_the_Aussie,0.64,0.55687,0.56402,0.5822,0.46375
BobbyGAus,0.62701,0.55904,0.56523,0.58798,0.46647
BobbyNL,0.64816,0.55888,0.56589,0.58218,0.45921
Boccato,0.66109,0.55916,0.56691,0.57945,0.4557
Bockman,0.65274,0.56761,0.57062,0.58705,0.44881
Bodelicious,0.63947,0.55772,0.56688,0.58895,0.461
Bohemia123,0.64351,0.56084,0.569,0.5877,0.45542
Boilers0809,0.63786,0.55582,0.5651,0.58535,0.45995
BoldlyGO,0.64363,0.55836,0.56733,0.5865,0.45741
Bollinge,0.63559,0.55465,0.56418,0.58372,0.46468
Bolotet,0.63588,0.55188,0.56286,0.58424,0.46863
Bon_voyage79,0.63985,0.55561,0.56652,0.58866,0.46169
Bonbon1399,0.6449,0.55733,0.56744,0.58892,0.46027
Bondsammax,0.64518,0.55785,0.56631,0.58302,0.45808
Bongo_Craigy,0.64698,0.55651,0.56311,0.57761,0.45826
Bonnotgirl,0.6499,0.55891,0.56645,0.58476,0.45692
Bonnyblink,0.65388,0.56081,0.56805,0.58254,0.45178
BooTerp02,0.64937,0.56681,0.5705,0.59236,0.45543
Bookend48,0.64897,0.5639,0.57078,0.59096,0.45288
Bookflyer,0.64515,0.55974,0.56904,0.58834,0.45498
BorderRambler,0.64895,0.55683,0.56615,0.58308,0.45753
Boristhebold,0.64694,0.54987,0.56174,0.5744,0.46416
Boroko,0.65021,0.56121,0.56643,0.58214,0.45942
BostonRico,0.61605,0.55789,0.56283,0.59136,0.47486
Botticelligirl,0.64524,0.55577,0.56777,0.58915,0.45789
Bouff,0.64352,0.55725,0.56688,0.58521,0.4571
Bowtell,0.63635,0.55425,0.56645,0.58864,0.46162
Bozz56,0.64445,0.55829,0.56778,0.58621,0.45661
BradandJanet,0.64069,0.55564,0.56442,0.58057,0.45881
Bradstir,0.65878,0.57561,0.57421,0.5891,0.44198
BrananMike,0.6529,0.56154,0.56773,0.58323,0.45485
BrasilRoma,0.65499,0.56384,0.56743,0.58075,0.45594
Brass612,0.64814,0.56267,0.56946,0.58861,0.45367
Brazil_Fan1,0.64122,0.55455,0.56592,0.5858,0.46177
Breamo,0.63081,0.55344,0.56488,0.58708,0.46637
BrendaBaltimore,0.6535,0.56244,0.56981,0.5882,0.45268
Brenmeryl,0.64596,0.56327,0.56749,0.5881,0.45869
Brenrick,0.64664,0.57144,0.57212,0.59436,0.45149
Brian5900,0.64683,0.56107,0.56839,0.58791,0.45788
Brian72,0.67193,0.57668,0.5771,0.59314,0.43762
BrianChiu,0.64339,0.55972,0.56525,0.58532,0.46261
Brianbiz555,0.63968,0.55935,0.56755,0.58856,0.45947
Bribear,0.63816,0.55855,0.56598,0.58359,0.45975
Brightrob,0.64128,0.55807,0.56702,0.58614,0.46039
Briman111,0.63631,0.56097,0.56731,0.59174,0.46224
Brinoabroad,0.65112,0.56267,0.56953,0.58835,0.45383
BrisbaneMegan,0.65112,0.56729,0.56995,0.58803,0.45193
Bristo,0.65343,0.56438,0.56973,0.58956,0.45416
Britannic,0.65721,0.55779,0.56597,0.57766,0.45538
Briteyes,0.65233,0.56132,0.56852,0.58397,0.45085
BritishAsianfamily,0.64899,0.55695,0.56693,0.58607,0.45977
Britsabroad2010,0.65401,0.553,0.56457,0.57669,0.45795
BrlDsguise,0.64768,0.55694,0.56511,0.57898,0.45879
BronwenL,0.64928,0.5619,0.56937,0.58744,0.45262
Bronz01,0.65461,0.5665,0.57091,0.58781,0.44919
Brooke77,0.64502,0.56086,0.56822,0.58851,0.45558
BrooklynRider,0.64762,0.56017,0.56864,0.58652,0.4543
BrownStreet,0.64844,0.56055,0.56891,0.58742,0.45463
Bruce-Two,0.63386,0.56353,0.56712,0.58907,0.46154
Bruinsmith,0.6458,0.56449,0.56972,0.59036,0.45339
Brunlea,0.65315,0.55927,0.56531,0.57751,0.45541
Bruno80799,0.63449,0.56431,0.56788,0.59106,0.46008
BrutalNick,0.65128,0.56387,0.5705,0.58777,0.4512
Bubblebooo,0.65169,0.56691,0.57093,0.59196,0.45016
Bubsta,0.65423,0.55969,0.568,0.58521,0.45601
Buckeye582,0.64768,0.56783,0.56945,0.58866,0.45639
BuddyMalloy,0.64186,0.56343,0.56907,0.59045,0.45692
BuddyPUSA,0.65104,0.56578,0.57018,0.58799,0.45145
Budfisher,0.64244,0.54065,0.55323,0.56048,0.47708
Buff_G,0.63662,0.55364,0.56589,0.58819,0.46341
Buffy24,0.64174,0.56399,0.56836,0.58922,0.4576
Bumbi17,0.6322,0.55599,0.56404,0.58485,0.46566
Bunnydots,0.64752,0.55314,0.56428,0.5783,0.45901
Buquing,0.64924,0.56567,0.56854,0.58643,0.45385
Burgeoning_traveller,0.64852,0.55796,0.56731,0.58521,0.4571
Burnleyguy,0.6379,0.54698,0.55989,0.5802,0.46586
BusinessTraveller019,0.65206,0.5597,0.56868,0.5844,0.45451
Busterkitty,0.64092,0.5513,0.56233,0.57844,0.46728
BusyTrveller,0.6508,0.56273,0.56975,0.58811,0.45291
Busylady56,0.65068,0.56067,0.5669,0.58386,0.45679
Button_382,0.63669,0.55657,0.56447,0.583,0.46008
C-Stop,0.65797,0.5656,0.56862,0.58307,0.45333
CA*PastryChef,0.63428,0.55901,0.56706,0.59028,0.46215
CAGirl411,0.65026,0.56167,0.56893,0.58714,0.4528
CAHeadHunter,0.6501,0.55894,0.56766,0.58418,0.45409
CAMoraga_Family,0.64797,0.55916,0.56688,0.58589,0.45815
CAR50,0.64406,0.55931,0.5679,0.58821,0.45979
CAWWales,0.64432,0.5596,0.56654,0.58368,0.45924
CAZZA0611,0.63986,0.54672,0.56133,0.57706,0.46731
CAblossom,0.64265,0.55541,0.56552,0.58417,0.45521
CBT_11,0.6464,0.55768,0.56817,0.58747,0.45618
CB_Aberdeen,0.65524,0.56757,0.57036,0.5849,0.44881
CBacha,0.65739,0.5701,0.57256,0.59268,0.45176
CBond2875,0.64476,0.56,0.56668,0.58722,0.45841
CC161,0.64985,0.55933,0.56604,0.58233,0.45628
CCC1000,0.63458,0.54867,0.56109,0.57921,0.4676
CEO85,0.64428,0.56621,0.57033,0.59025,0.45237
CFCamden,0.64746,0.55439,0.56585,0.58553,0.46055
CFFour,0.64232,0.5547,0.56384,0.57926,0.46224
CHINMAYVASAI,0.64816,0.56095,0.56834,0.58649,0.45619
CHM1,0.64861,0.55845,0.56686,0.58431,0.45824
CJCPHXAZ,0.6307,0.55708,0.5648,0.58804,0.4703
CJH1,0.63339,0.54358,0.55728,0.57008,0.47112
CJIMI,0.64203,0.55819,0.56561,0.58538,0.46286
CJKITTEN,0.63232,0.54902,0.55749,0.57229,0.46888
CJKatl,0.64676,0.5623,0.5696,0.5908,0.45566
CJTravelerTexas,0.65769,0.56359,0.56796,0.58143,0.45202
CJohannessen,0.64096,0.55545,0.5648,0.58425,0.46247
CJwellsy,0.65313,0.5615,0.56893,0.5887,0.45365
CLVan78,0.65008,0.56523,0.57005,0.58706,0.44804
CMC777,0.65096,0.56548,0.56888,0.58529,0.45261
CNam,0.63151,0.55168,0.56183,0.58116,0.46892
COCOFromOttawa,0.65255,0.56279,0.56783,0.58371,0.45246
COguy,0.64414,0.56741,0.56878,0.58784,0.45571
CPAALP,0.6446,0.55168,0.56417,0.58301,0.46234
CRobDerbyshire,0.64976,0.55882,0.56962,0.59071,0.45412
CTA76,0.64128,0.55835,0.56678,0.58478,0.45754
CTBCalifornia,0.64021,0.55253,0.56377,0.58416,0.46633
CTSunseeker,0.65291,0.55631,0.56657,0.58203,0.45631
CTwydale,0.64521,0.55985,0.56856,0.58991,0.45542
CZGreenlee,0.64423,0.55688,0.56559,0.5835,0.45914
CaAz-JT,0.64395,0.55585,0.56525,0.58292,0.46074
CaffTwo,0.64968,0.55145,0.56144,0.57412,0.46111
Caiybpf,0.65172,0.55532,0.56453,0.57709,0.45699
CalCountryView,0.65251,0.55929,0.5671,0.58454,0.45682
CalalilyD,0.64414,0.55849,0.56607,0.58323,0.45952
Calbarry,0.64989,0.56248,0.5693,0.58531,0.45533
CaliGirl521,0.65269,0.56313,0.569,0.58755,0.45104
CaliLover05,0.64754,0.55865,0.56432,0.58012,0.45787
Calibrator,0.65082,0.55553,0.5651,0.58142,0.45716
California9,0.6572,0.56481,0.56925,0.5829,0.45023
CaliforniaDaveS,0.65539,0.56982,0.57149,0.58903,0.44976
Calnev,0.64391,0.56123,0.56734,0.58698,0.45773
CambridgeDon,0.65853,0.56394,0.56964,0.58496,0.4484
CameliaMumbai,0.64631,0.56568,0.56823,0.58666,0.45496
Camilla_Kim,0.63117,0.55686,0.56547,0.58895,0.46601
Cammi9,0.65094,0.56398,0.56735,0.5822,0.45444
Campanellis,0.63943,0.5458,0.55893,0.57377,0.46671
Campaspediva,0.65184,0.57317,0.57137,0.58713,0.4478
Campbie,0.65635,0.56442,0.57171,0.58905,0.44775
CanadaMatt,0.63969,0.55665,0.56443,0.58409,0.46488
Canadagrrl,0.64705,0.55567,0.56537,0.5849,0.46124
CanadianinMadrid,0.64379,0.5533,0.5632,0.5776,0.46219
CanberraJenny,0.65313,0.56026,0.56616,0.57857,0.45475
Canboy,0.64181,0.56564,0.56942,0.58801,0.4553
Canoe4770,0.64839,0.56142,0.56865,0.5878,0.45513
Canuckle007,0.64936,0.56507,0.56737,0.58679,0.45773
Caomhinstravels,0.64954,0.56284,0.56707,0.58286,0.45467
CapeTown78,0.6442,0.55619,0.56592,0.58482,0.45774
CapeTownmaggie,0.63782,0.55717,0.56767,0.58488,0.46199
Capodicapi2,0.63538,0.55459,0.56277,0.58041,0.46599
CaptBill64,0.64962,0.56464,0.5672,0.58013,0.45474
CaptainD4,0.65016,0.56388,0.5695,0.58588,0.45271
Captain_DaveMontreal,0.63866,0.5582,0.56747,0.58967,0.45976
CarKri02,0.65027,0.55256,0.56414,0.5789,0.45935
Cared200,0.6468,0.5587,0.5654,0.58554,0.46215
Carl_Pressman,0.65129,0.56298,0.56792,0.58297,0.45484
Carltona,0.64761,0.56379,0.56873,0.58546,0.45065
Carol34859,0.64923,0.56801,0.57116,0.58883,0.44997
Carol__26__Kevin,0.63631,0.54707,0.56006,0.57596,0.46948
CarolinainDallas,0.64521,0.55909,0.56571,0.58344,0.45909
CarolineMcMuffin,0.6536,0.57099,0.57147,0.58909,0.44769
CarolynAnnM,0.6575,0.55158,0.56301,0.57071,0.45692
CarolynLeanne,0.63645,0.55556,0.56541,0.58642,0.46207
Carrgirl42,0.64782,0.57122,0.57308,0.59312,0.44618
CarrieAndy,0.64547,0.5511,0.56233,0.57503,0.4611
CarrigeenYorkshire,0.64484,0.55858,0.56629,0.58659,0.46055
CarstenThue,0.63854,0.54803,0.56001,0.57393,0.4666
Cary101,0.64814,0.55634,0.56478,0.57893,0.45818
CasaRoscoe,0.65379,0.55956,0.56766,0.58439,0.4552
Casey26,0.63707,0.54903,0.56368,0.58402,0.46508
Cashmra,0.65164,0.56262,0.56768,0.58598,0.45635
Caspiano,0.64541,0.55198,0.56279,0.57783,0.46246
Cassiopeia1,0.64603,0.56266,0.5688,0.59093,0.45571
CateWithASea,0.64493,0.56692,0.56916,0.5876,0.45446
CathP,0.62812,0.55425,0.5642,0.5871,0.46704
Catherinelovesmiami,0.657,0.56907,0.57232,0.58845,0.44562
CathyOhio,0.64471,0.5615,0.56751,0.58472,0.45602
Catty140,0.65375,0.55877,0.5666,0.58095,0.45473
Causette1,0.63908,0.55771,0.56669,0.588,0.45989
CavanJet,0.64962,0.56365,0.56915,0.58669,0.45128
Caximba,0.63581,0.561,0.56739,0.58995,0.46386
Caymantraveller65,0.65141,0.5606,0.56678,0.57968,0.45389
CazRob,0.64648,0.55889,0.56769,0.58926,0.45455
Celeste598,0.64827,0.56287,0.56785,0.58221,0.45373
Cestovatel_W,0.65141,0.55882,0.56731,0.58675,0.45809
ChaletLaGiettaz,0.64697,0.5556,0.56631,0.58521,0.45843
ChampagneDoberman,0.64991,0.55859,0.56929,0.58834,0.45275
ChampagneLiverpool,0.65023,0.56514,0.56816,0.58557,0.45154
Champcar,0.64784,0.56099,0.56669,0.58108,0.45722
Chanika,0.60949,0.50262,0.55446,0.58201,0.48537
Charcar,0.64477,0.55908,0.56608,0.58316,0.45859
Charlemaine,0.6585,0.55004,0.5614,0.57031,0.46004
CharlesDP,0.63896,0.55536,0.56572,0.58511,0.46036
Charles_Orleans,0.65519,0.55695,0.56571,0.57686,0.45459
Charlesgate,0.65088,0.56205,0.56885,0.58664,0.45437
CharlieYM,0.65343,0.56275,0.5666,0.58294,0.45299
Charliegirl211,0.64054,0.55377,0.56379,0.58031,0.46135
ChatVoyageur,0.64514,0.556,0.56643,0.58553,0.45838
Chats2092,0.65376,0.55909,0.56638,0.57819,0.45271
Cheapestmanalive,0.65653,0.56956,0.57102,0.58865,0.45025
CheersTC,0.64333,0.55783,0.56808,0.58812,0.45659
CheersTravelGuy,0.64579,0.55774,0.56437,0.58156,0.46267
Cheeser_9,0.65577,0.56192,0.56825,0.58197,0.45211
Cheledonna,0.64566,0.56259,0.56696,0.58445,0.45641
Chellis74,0.63464,0.55739,0.56577,0.58787,0.46031
Chelsea-v-Inter,0.63676,0.55387,0.56489,0.58547,0.46695
CheltenhamCheltenham,0.64134,0.55913,0.56743,0.59011,0.45978
Cher_T,0.64643,0.55644,0.56546,0.5836,0.46216
CherlyLondon,0.65933,0.56398,0.56945,0.58507,0.44954
CherrySlurpees,0.64101,0.56165,0.56687,0.58544,0.45887
CherylABQ,0.64159,0.56262,0.56743,0.58756,0.45815
CheshireDesire,0.65645,0.56604,0.57065,0.58803,0.45022
CheshireMatt,0.64377,0.55834,0.56597,0.58473,0.45849
CheshireRexxie,0.64141,0.56433,0.56557,0.57721,0.45597
ChesterMitch,0.64378,0.56298,0.56824,0.58752,0.45712
Cheyanne83,0.62238,0.55257,0.56155,0.5873,0.46695
ChezmossAustralia,0.65267,0.58463,0.57289,0.59426,0.45169
Chica_and_Chico,0.63966,0.56128,0.56688,0.58671,0.45776
ChicagoBizDude,0.65129,0.56646,0.57002,0.58803,0.45261
ChicagoChik77,0.64496,0.56167,0.56854,0.58846,0.45708
ChicagoFamily2010,0.64456,0.56251,0.56823,0.58577,0.45637
ChicagoLondon,0.64238,0.5635,0.5696,0.59191,0.45776
Chicagotraveler83,0.65168,0.55724,0.56607,0.58053,0.45616
Chickietravel,0.65714,0.56675,0.57054,0.58715,0.44708
Chiefette1970,0.64696,0.55934,0.56791,0.58805,0.45747
Chilla,0.64445,0.55486,0.5655,0.58531,0.46047
Chiller2k9,0.64508,0.55408,0.56579,0.58444,0.45953
Chillipeppa,0.64584,0.55547,0.56444,0.58014,0.45892
Chilly2525,0.64345,0.55906,0.56766,0.58831,0.45721
Chipotlequeen,0.61499,0.56716,0.56362,0.59819,0.45848
ChloeTeah,0.63987,0.56611,0.56945,0.59241,0.45815
Cholako,0.65389,0.56078,0.56742,0.58345,0.45574
Chompie,0.65102,0.56071,0.56646,0.58005,0.45237
Chris020,0.6411,0.55203,0.56107,0.57744,0.46565
Chris1978,0.64399,0.5567,0.56548,0.58407,0.45986
Chris295424,0.64218,0.55235,0.56471,0.58429,0.4634
ChrisCalGal,0.65305,0.57086,0.57113,0.58805,0.44921
ChrisCork_Ireland,0.64302,0.56175,0.56851,0.58689,0.45424
ChrisCymru,0.65324,0.56585,0.56859,0.58196,0.45062
ChrisG1956,0.64128,0.55541,0.56495,0.5833,0.46131
ChrisLondon_UK,0.64916,0.57096,0.5729,0.58725,0.43586
ChrisNCL,0.6474,0.55641,0.5658,0.58214,0.45808
ChrisT1962,0.63916,0.56189,0.5678,0.58757,0.45701
Chris_Battersea,0.65186,0.56439,0.5696,0.58908,0.45175
Chris_Jetten,0.65182,0.55516,0.56602,0.58153,0.45661
Chris_Sandeman,0.64548,0.56129,0.56691,0.58529,0.45808
ChrisandCarlos,0.64693,0.56224,0.56774,0.58311,0.45052
ChrissyHny,0.65238,0.56192,0.56947,0.58821,0.45347
ChristinaF,0.65001,0.56247,0.56928,0.58801,0.45464
Christina_Poursain,0.63967,0.5544,0.56495,0.58716,0.46426
Christofofofof,0.63984,0.55363,0.56497,0.58725,0.46544
Chuck1001,0.65139,0.55755,0.56817,0.58673,0.45673
Chunkymicky,0.64992,0.55408,0.56448,0.57823,0.45775
CincinnatiSly,0.64867,0.56035,0.56819,0.58761,0.45587
Cincygrl67,0.64291,0.56106,0.56897,0.58966,0.45764
CindyAult07,0.62728,0.58025,0.57559,0.60602,0.43806
Cinghio,0.66565,0.56124,0.568,0.58126,0.45059
CiteCR,0.64514,0.56653,0.57166,0.59348,0.4509
CityLoverWales,0.64301,0.55907,0.56754,0.5886,0.45925
Citybreaks39,0.64242,0.55462,0.56369,0.58129,0.46294
ClaesMartin,0.65124,0.56104,0.56767,0.58537,0.45514
ClaireUK87,0.64869,0.55305,0.56522,0.5812,0.45879
ClareKEssex,0.64992,0.55452,0.56393,0.57766,0.45754
Clareinsguy,0.64654,0.56761,0.5693,0.58425,0.45256
Clarey71,0.64498,0.55143,0.56409,0.58096,0.46296
ClarkCreek,0.654,0.56116,0.56818,0.58384,0.45196
ClayDublin,0.64715,0.55546,0.56541,0.58375,0.46021
ClemFR,0.64377,0.55604,0.56546,0.58473,0.46215
Clement,0.64865,0.56599,0.57064,0.59042,0.45366
Cleopatra03,0.64892,0.55643,0.56589,0.58255,0.45804
CliffWalker,0.65155,0.55594,0.56403,0.57588,0.45786
ClintonJ1,0.64589,0.55234,0.56429,0.57829,0.45874
ClooneyFan,0.65462,0.56544,0.56927,0.58507,0.45024
ClovaTheWestie,0.64599,0.55554,0.56468,0.57965,0.4593
CocoSianElle,0.6387,0.55229,0.56445,0.58415,0.46118
Coe-8,0.65465,0.55872,0.56654,0.58003,0.45508
ColMoscow,0.65133,0.56448,0.57016,0.58674,0.44832
Colatown,0.64925,0.56132,0.56991,0.59091,0.45359
Cole17,0.64,0.57557,0.56633,0.58551,0.4625
ColetteAndJim,0.64675,0.55652,0.56527,0.58205,0.45919
ColinRAtlanta,0.63658,0.55648,0.56587,0.58643,0.46252
ColleenNigel,0.65442,0.56574,0.57044,0.58862,0.45157
Competency,0.62444,0.5541,0.56333,0.58541,0.46868
ConatserFamily,0.64787,0.56563,0.57004,0.58943,0.45032
Conk99,0.64073,0.55428,0.5644,0.58455,0.46564
Consigliere,0.64975,0.55554,0.56649,0.58396,0.45856
ConstantTraveller74,0.64775,0.55814,0.56502,0.57818,0.45683
ContingencyPlan,0.64281,0.55809,0.56598,0.58635,0.46472
CooperAlex,0.64625,0.55733,0.56517,0.58471,0.46618
Corb2000,0.63959,0.53577,0.5532,0.56364,0.47414
Corbrunner,0.64744,0.56366,0.56861,0.58424,0.4539
Corey87,0.63771,0.55552,0.56663,0.58675,0.46355
CorkBuckley,0.64727,0.56237,0.57004,0.59133,0.45235
CorkeyWilson,0.64556,0.55125,0.5637,0.57971,0.46111
CornwallDancer11,0.65045,0.56144,0.56636,0.5841,0.45523
Corpito,0.64704,0.5628,0.56848,0.58554,0.45542
Cortecera,0.64874,0.55211,0.56345,0.57882,0.46169
CostantTraveller,0.64659,0.56794,0.569,0.58578,0.45278
Countrygirlplus3,0.64218,0.55856,0.5677,0.58673,0.45853
Courtesy_Flush,0.63943,0.55816,0.5679,0.58988,0.45997
Couscous4,0.64583,0.56329,0.56887,0.58758,0.45393
CowTails,0.64912,0.5538,0.56497,0.58101,0.45928
Crackin-Toast,0.64611,0.55824,0.56684,0.58619,0.45622
Craig8246,0.64618,0.5618,0.56699,0.58613,0.45552
CraigB1970,0.63136,0.55676,0.56493,0.58972,0.4668
CraigH3,0.63859,0.5557,0.56339,0.58196,0.46442
Craigy,0.64637,0.55605,0.5661,0.585,0.46091
Cramz,0.64076,0.56007,0.56671,0.58678,0.45973
Crispymaster,0.64618,0.56065,0.567,0.58744,0.45848
Crouchinho,0.64281,0.55079,0.5629,0.57939,0.46277
Crumpet2009,0.64969,0.56951,0.57068,0.58869,0.44997
Cryjam,0.64447,0.55384,0.56474,0.57933,0.46074
Crystal2161,0.64443,0.55791,0.56704,0.58564,0.4564
Cthusky322,0.6507,0.5641,0.56832,0.58303,0.45495
Ctrigg1,0.65395,0.57309,0.57288,0.59043,0.44711
CubsFan3113,0.65234,0.5628,0.56761,0.5834,0.45574
CubsFanMichigan,0.64693,0.56568,0.57014,0.58962,0.45219
Cuiabano,0.65649,0.56757,0.56929,0.58661,0.45498
CupcakeCaz,0.64641,0.56099,0.56753,0.58784,0.45618
Curious_journey,0.6482,0.56116,0.56804,0.58417,0.45618
CurlySarah,0.63882,0.55383,0.5662,0.5892,0.46132
Cuttingblade,0.65389,0.55808,0.56714,0.58289,0.4541
CymroDyserth,0.65273,0.56018,0.56795,0.58334,0.45353
Cymrobach,0.65103,0.56103,0.56908,0.58947,0.45506
CyndersLovesToTravel,0.65763,0.56216,0.56978,0.58626,0.44852
Cynicor,0.64229,0.55245,0.56581,0.58619,0.46172
Cyril1,0.66294,0.56487,0.57169,0.58534,0.44461
D0cBr0wn,0.64878,0.55902,0.56878,0.58943,0.45772
DAISYBOO17,0.65793,0.56128,0.56754,0.58005,0.4504
DBSA42,0.65376,0.56118,0.56784,0.58382,0.45325
DC20something,0.63997,0.55349,0.5633,0.58149,0.46513
DCBiztraveler,0.65618,0.56655,0.57032,0.58714,0.44967
DCBob,0.64454,0.55955,0.57012,0.59202,0.45763
DCLW,0.6554,0.55978,0.56804,0.58552,0.45422
DCMontreal,0.64335,0.55757,0.5655,0.58414,0.46229
DCS2009,0.66224,0.56984,0.56919,0.58389,0.45049
DCTerry,0.64608,0.56392,0.56883,0.58594,0.45279
DCreelman,0.63564,0.54989,0.56281,0.58379,0.46726
DD31,0.64865,0.56313,0.56919,0.58899,0.45494
DEEPBaroda,0.64212,0.565,0.56967,0.59292,0.46012
DGregory1,0.63677,0.55849,0.56583,0.58847,0.46271
DJChud,0.63893,0.55717,0.56642,0.58751,0.45953
DJH-in-Austin,0.64213,0.56088,0.56923,0.59012,0.45483
DJNYC212,0.64259,0.55565,0.564,0.58118,0.46299
DJTOBY,0.63702,0.56082,0.56771,0.58969,0.45916
DKrauter,0.63132,0.56167,0.56628,0.5866,0.46202
DLagent,0.64624,0.55948,0.56587,0.58075,0.45784
DMcCHarrogate,0.64666,0.55768,0.56417,0.57934,0.45728
DNemo,0.63856,0.57028,0.57013,0.59303,0.45075
DRDerbyshire,0.6489,0.55415,0.56379,0.57897,0.4621
DRNS-London,0.66196,0.56316,0.56784,0.58001,0.44853
DRoachBlackRock,0.65179,0.56255,0.56791,0.58411,0.45465
DRuben1330,0.64909,0.56086,0.56653,0.5821,0.46011
DSR31,0.64803,0.56287,0.56795,0.585,0.45407
DW00d,0.64886,0.55302,0.56353,0.57715,0.46036
DWJK,0.65854,0.58599,0.57406,0.58744,0.44028
D_and_LWales_UK,0.65578,0.55813,0.56769,0.58265,0.45389
DadRob,0.64681,0.56177,0.56908,0.58944,0.45592
DadTravels,0.65261,0.56212,0.56949,0.58818,0.45367
Daffodils52,0.65347,0.56052,0.56788,0.58139,0.45185
Dafyda,0.64856,0.55872,0.56705,0.58495,0.45844
DagneyT,0.64658,0.56233,0.56899,0.58866,0.45633
DaisyCat27,0.63888,0.54706,0.5624,0.58373,0.46825
DaisyFred,0.6487,0.56078,0.56881,0.58936,0.45418
DallasChris,0.64106,0.55663,0.56674,0.58819,0.46064
Dam-Slo,0.64163,0.57046,0.56964,0.59272,0.45511
DamienOfSydney,0.63804,0.55494,0.56612,0.58728,0.4632
Dan1113,0.63539,0.55391,0.56397,0.58468,0.4633
DanEngland,0.63968,0.55674,0.56597,0.58705,0.46266
DandMtraveling,0.64097,0.56817,0.5684,0.58841,0.45801
Danglebone,0.64169,0.55372,0.56405,0.58347,0.4649
DaniLK,0.66143,0.56177,0.56913,0.5859,0.45326
DanielleButton,0.6463,0.55184,0.56428,0.58163,0.46127
DannoE,0.64217,0.55791,0.56716,0.58775,0.45933
DapaNewcastleEngland,0.63961,0.54961,0.56202,0.57811,0.46341
Daphne8100,0.63883,0.562,0.56828,0.59012,0.46016
DarienM,0.65481,0.5724,0.57255,0.58768,0.44465
DarlingtonWatsons,0.64092,0.5506,0.56249,0.57909,0.46379
Darlox,0.65277,0.56545,0.57265,0.59065,0.4471
DarthPaulo,0.65056,0.56211,0.56885,0.58696,0.45255
Dave504076,0.65239,0.55004,0.56261,0.57251,0.45943
DaveJC,0.64301,0.55838,0.56573,0.58431,0.45767
DaveTRFC,0.63677,0.55171,0.5651,0.58676,0.4625
DaveW62,0.64944,0.55829,0.56505,0.57768,0.45749
DavefromJersey,0.64765,0.55961,0.56639,0.58254,0.45701
Daveo_1978,0.63316,0.56313,0.56738,0.58938,0.46334
Davepuddy,0.63789,0.55523,0.56554,0.58453,0.46003
Davethedogg,0.64604,0.55987,0.56682,0.58464,0.45866
DaveyJA,0.64883,0.55622,0.56616,0.58125,0.45682
David186336,0.63404,0.55008,0.56041,0.57965,0.46986
DavidCF36,0.65086,0.55756,0.56666,0.58446,0.45584
DavidCarr404,0.64323,0.56015,0.56337,0.58184,0.46255
DavidPortland,0.64952,0.56261,0.5685,0.58463,0.45399
DavidfromDorset,0.65079,0.56211,0.56793,0.58473,0.45479
Davidius,0.65715,0.56956,0.57314,0.58945,0.44477
Davsion,0.65282,0.56052,0.5683,0.58578,0.45273
DawgmanOH,0.6403,0.55643,0.56573,0.58626,0.46325
DawnD57,0.64642,0.56913,0.56925,0.58697,0.45452
DawnJOhannesburg,0.6503,0.55915,0.56509,0.5788,0.45923
Dazzer6666,0.6562,0.55912,0.5686,0.58628,0.45477
Ddilts1,0.64967,0.55976,0.56664,0.58169,0.45403
DeaconTraveler,0.65419,0.56696,0.56992,0.58412,0.44911
Deanna12,0.65699,0.56589,0.57044,0.58532,0.44751
DebRichM,0.6434,0.55713,0.56683,0.5884,0.45867
Debmor,0.63808,0.54507,0.5565,0.56829,0.46939
DeboraPN,0.66967,0.56259,0.56879,0.57945,0.44676
Deborah0008,0.64407,0.55982,0.5676,0.59128,0.4591
Debs_86,0.63177,0.55031,0.56327,0.58684,0.46793
Deckwalker,0.65423,0.57255,0.57184,0.58959,0.44829
Dee-ward,0.6452,0.55698,0.56546,0.58331,0.45762
Deedotdee,0.64584,0.55821,0.56571,0.58397,0.46078
Def90,0.65409,0.56346,0.56916,0.58529,0.45308
DeiseBlue,0.64345,0.55375,0.56319,0.57959,0.46501
DeliKIZ,0.64539,0.56177,0.5671,0.58464,0.45568
DelightsInTraveling,0.64898,0.56056,0.5668,0.58255,0.45347
DeltaAT,0.64469,0.56877,0.57037,0.59339,0.45611
Dem6806,0.65434,0.57787,0.57464,0.59625,0.44485
Demoleo,0.65798,0.56496,0.5667,0.58167,0.45457
Denby,0.64069,0.54513,0.55909,0.57367,0.47057
Dencroft,0.63895,0.55496,0.56425,0.58428,0.4619
DennisvdMolen,0.63788,0.55129,0.56374,0.58468,0.46708
DenverWing,0.64308,0.55921,0.56711,0.58342,0.45826
Deny_6,0.65252,0.56624,0.56798,0.58098,0.45337
Derman23,0.6379,0.5548,0.56117,0.57692,0.46079
Des_Gruntled,0.63567,0.55572,0.56507,0.58507,0.46287
Desert-dweller_99,0.64645,0.55929,0.56825,0.58958,0.45803
Desk-Escape-com,0.64256,0.56013,0.56583,0.58362,0.45755
Destichado,0.65838,0.55406,0.5638,0.57432,0.45843
DetSam,0.6495,0.56319,0.56935,0.5894,0.45562
DetroitSunlover,0.65071,0.55889,0.56852,0.58757,0.45565
DevonSophie25,0.64663,0.55573,0.56696,0.58903,0.46023
Devon_girls,0.63228,0.55617,0.56423,0.58504,0.46106
Devsarkar,0.64475,0.55618,0.56448,0.57891,0.45897
Dharmaboy17,0.6569,0.56341,0.56956,0.58369,0.44883
Diamondtail,0.65343,0.55778,0.56656,0.58261,0.45712
DianeChayer,0.64644,0.55965,0.56757,0.58663,0.45699
DiggerDeals,0.64041,0.55917,0.56632,0.58246,0.45888
Dimitris_Athens_8,0.6447,0.55958,0.56797,0.58909,0.45784
DinerFan57,0.6342,0.55372,0.56427,0.5845,0.46673
DinoN11,0.65887,0.56515,0.56988,0.58352,0.44822
DirectorJay,0.6333,0.55616,0.56571,0.58761,0.46259
Disney2007,0.6442,0.55944,0.56646,0.58332,0.46044
Distrubbed,0.64364,0.54513,0.55956,0.57277,0.46894
DitaV2,0.64601,0.55792,0.56487,0.58188,0.46065
Djibuddha,0.64927,0.56285,0.5685,0.58666,0.45373
DmitryP4,0.46487,0.41367,0.4876,0.50404,0.58422
DoAsTheLocalsDo,0.63407,0.53532,0.55811,0.57624,0.47118
Dobson-Shaw,0.6442,0.54618,0.55815,0.5673,0.46649
DocHappyTom,0.6352,0.55999,0.56703,0.58751,0.4593
DocSurf,0.6301,0.55112,0.56036,0.57839,0.47301
Doctor99,0.65893,0.56622,0.56966,0.58121,0.44701
DoctorFeelgoodDorset,0.64799,0.55969,0.56666,0.5845,0.45763
Dodson,0.64746,0.55766,0.56696,0.58609,0.45859
Dogfish60min,0.65548,0.55754,0.56593,0.57897,0.45541
Dogger70,0.65139,0.56982,0.5706,0.58749,0.44965
Dohme,0.6461,0.56528,0.57079,0.59104,0.45207
Doloads,0.64887,0.56077,0.56675,0.58477,0.45687
Domenicd2000,0.64133,0.55147,0.56254,0.57963,0.46603
Don5617,0.6523,0.56021,0.56602,0.58007,0.45618
Donkey37,0.62756,0.56165,0.56416,0.58946,0.46509
Donstep,0.65168,0.56067,0.5673,0.58271,0.4515
DontCareAboutName,0.64304,0.55376,0.56385,0.5815,0.46296
Doobie95,0.65843,0.57388,0.57376,0.59112,0.44889
Dopanijoso,0.64455,0.5539,0.56565,0.58546,0.46242
Doratheexplorer41,0.66,0.57395,0.57431,0.59404,0.44813
Dorfer,0.64632,0.55624,0.56719,0.58763,0.45946
DorsetTravelmad,0.65083,0.5601,0.56675,0.58077,0.45557
DougStevens,0.64973,0.56332,0.56925,0.58579,0.45058
Dougdog,0.64802,0.55526,0.56491,0.58117,0.45826
Dougiebear,0.64043,0.55201,0.5637,0.58194,0.46239
Dr._Bob_4,0.64699,0.55454,0.56566,0.58277,0.4596
Dr3z,0.6497,0.55777,0.56694,0.58409,0.4576
DrAndyC,0.65283,0.56299,0.56885,0.58615,0.45392
DrNostromo,0.64564,0.55121,0.56196,0.57585,0.46196
DrRingDing,0.65698,0.55695,0.56505,0.57726,0.45658
DrVikas,0.64995,0.55927,0.56705,0.58177,0.45319
DrWolf,0.65012,0.55932,0.56573,0.57885,0.45618
Dr_Muneera,0.64935,0.55766,0.56635,0.58324,0.45806
Dr_QBatonRouge,0.64829,0.55983,0.56755,0.58598,0.4556
DragonMelbourne,0.6522,0.55981,0.56664,0.58084,0.45536
Dramatics,0.64939,0.5629,0.56769,0.58405,0.45424
Dreaming,0.64597,0.56012,0.56798,0.58627,0.45608
Dreamtime18,0.64676,0.55778,0.56731,0.58613,0.45823
Dreemz05,0.64558,0.55747,0.56769,0.58783,0.45809
DriveRideOrFly,0.6621,0.56536,0.56861,0.58049,0.44875
Droplet5,0.64387,0.56281,0.56826,0.58869,0.45491
Drysdale,0.64576,0.56134,0.56826,0.58471,0.45657
Dsbrown93446,0.65203,0.56442,0.56985,0.58773,0.45454
Dtona,0.6488,0.56276,0.56725,0.58332,0.4549
Du13,0.64702,0.55239,0.56329,0.57954,0.46181
DuRiechstSoGut,0.64601,0.55515,0.56463,0.5835,0.46089
DublinHank,0.65866,0.56562,0.56762,0.5819,0.45362
DublinMaire,0.64887,0.56392,0.56946,0.58783,0.45121
Dubliner24,0.6427,0.55973,0.56715,0.58827,0.45645
Duece1623,0.65259,0.5575,0.56439,0.5761,0.45646
Duggars,0.63778,0.56665,0.56951,0.58425,0.45436
DundeeDaytripper,0.64929,0.55693,0.56571,0.58104,0.45605
Dunn45,0.64073,0.56781,0.5685,0.58575,0.45676
Durham2urist,0.64013,0.55032,0.563,0.58235,0.46357
Dusan_Laura,0.63823,0.55823,0.56554,0.58641,0.46224
DutchFlower,0.64749,0.56303,0.56802,0.58837,0.4575
Dvine1_Cali,0.64698,0.55714,0.56615,0.5844,0.45929
Dynamite2010,0.64766,0.56031,0.56714,0.58862,0.46091
Dzinkstet,0.52697,0.47027,0.51595,0.53185,0.53516
EAM01,0.64368,0.5567,0.56609,0.5837,0.45892
EBNY_15,0.64069,0.55681,0.56577,0.58498,0.46026
ECB2010,0.64973,0.56,0.5664,0.58042,0.45504
EC_Traveller,0.64689,0.56141,0.56821,0.5872,0.45637
EEYORETIGGERR,0.64652,0.54698,0.5605,0.57351,0.46552
EFLMontreal,0.64386,0.55808,0.56544,0.57916,0.45679
EGANSMIND,0.62752,0.54829,0.56068,0.57993,0.47179
EMA2010,0.64075,0.56213,0.56784,0.58989,0.45766
EMTBStation53,0.64644,0.55898,0.56698,0.5853,0.45794
ERT786,0.64439,0.54386,0.55665,0.56609,0.47212
ESLteacherNewYork,0.65471,0.56008,0.5677,0.58125,0.45134
EUTrav,0.64799,0.5588,0.56747,0.58631,0.45837
Eagle7345,0.65364,0.5598,0.56753,0.58115,0.45297
EalingExpat,0.6494,0.55675,0.56474,0.57795,0.45519
Earl_of_Doncaster,0.64066,0.54606,0.55964,0.57471,0.47106
Earlham99,0.65037,0.56374,0.56934,0.58583,0.45195
EarlysvilleTraveller,0.6475,0.56193,0.56956,0.58877,0.4541
EarnyinLA,0.64247,0.5581,0.56758,0.58728,0.45922
Earsby,0.63366,0.55716,0.56295,0.58045,0.46461
Earthbound-Traveler,0.63937,0.55971,0.56762,0.58936,0.45933
EastCoastRoadWarrior,0.64666,0.56481,0.56974,0.58761,0.45259
Eat-A-Lot,0.64257,0.55835,0.56789,0.5903,0.46004
Ecube,0.65107,0.56415,0.57031,0.58983,0.4527
Ed_Grabow,0.64181,0.55814,0.56466,0.5804,0.461
Eddie_tangjitsatukij,0.62698,0.54929,0.56112,0.58513,0.47044
Edel24,0.63953,0.55762,0.56637,0.58614,0.45885
EdenbridgeGinger,0.63829,0.54663,0.56066,0.57532,0.46655
Edinburgh3,0.64874,0.55605,0.56619,0.58352,0.45775
Edith2000,0.64553,0.55611,0.56508,0.58183,0.45997
Edstr,0.644,0.55677,0.56473,0.58214,0.46204
Ek_NZ,0.64788,0.55923,0.56699,0.58229,0.45519
Eklondon,0.64749,0.55373,0.56357,0.57798,0.46062
ElGuapo49,0.6497,0.56004,0.5689,0.58821,0.45663
ElTiante23,0.65219,0.56614,0.56919,0.58597,0.45057
ElaineF57,0.6543,0.56194,0.56921,0.58566,0.45193
ElaineRadin,0.65651,0.57218,0.57358,0.5903,0.44643
Eldik,0.63163,0.55186,0.56328,0.58582,0.46858
Electricwireless,0.64085,0.55331,0.56625,0.58761,0.4613
ElevenThirty,0.64748,0.56176,0.56865,0.58864,0.45472
ElhamValleyMan,0.64373,0.55517,0.56531,0.58229,0.46042
ElisaDP,0.64666,0.56813,0.57002,0.58855,0.45532
ElizabethBL,0.66112,0.56219,0.56963,0.58683,0.45289
ElizabethChester,0.64865,0.55864,0.56784,0.58789,0.45753
ElizabethDawn,0.63984,0.56198,0.56953,0.59134,0.4549
Ell1etravels,0.65106,0.56239,0.56899,0.58843,0.45548
Ella_Parker,0.63701,0.54855,0.56094,0.57817,0.468
ElleSheri,0.64047,0.56098,0.56703,0.58617,0.45977
Ellen22,0.64318,0.55472,0.5647,0.5805,0.4599
EllicottCity_MDMoose,0.65018,0.56384,0.56855,0.58326,0.45279
Elman1952,0.64985,0.56419,0.56965,0.59064,0.45701
Elyriatraveler,0.66204,0.56338,0.56912,0.58205,0.44881
Em52mar,0.6357,0.55105,0.56408,0.58725,0.46628
Emad_Ladonni,0.64421,0.55637,0.56486,0.58182,0.4619
EmilyDublin,0.64043,0.5485,0.56299,0.5816,0.46495
EmilyWaugh,0.6496,0.55715,0.56709,0.58585,0.45803
Emiwillseetheworld11,0.64181,0.55895,0.56589,0.58451,0.46098
Emma654321,0.64056,0.55257,0.5633,0.58269,0.46479
Emma8630,0.64786,0.55023,0.56283,0.57623,0.45887
EmmaBelgium,0.65119,0.56521,0.56789,0.58565,0.45449
Empathology,0.6496,0.55948,0.56626,0.5819,0.4544
EmptyNestersCT,0.6528,0.56165,0.56855,0.58547,0.45458
Emzaro,0.63816,0.56242,0.56886,0.59197,0.45904
EnDumEn,0.64828,0.55628,0.56767,0.58621,0.45729
Endlesslyrestless,0.65054,0.56862,0.57209,0.59191,0.44908
Engangskamerat,0.6588,0.56671,0.56915,0.58149,0.44751
England1983,0.63344,0.55562,0.56641,0.58948,0.46113
EnglandJa,0.63392,0.55635,0.56492,0.58437,0.46208
EnglishKnight2010,0.64367,0.55078,0.5628,0.57955,0.46437
EnjoythejourneySA,0.64788,0.54818,0.56031,0.57522,0.46866
Ennea,0.64723,0.56653,0.56976,0.587,0.45131
Entente-cordiale,0.64397,0.55217,0.56325,0.58291,0.4649
EquineDoc,0.63489,0.55983,0.56649,0.58715,0.46081
Equity,0.64777,0.56062,0.56911,0.58972,0.45518
EricNYC10023,0.65119,0.56099,0.56794,0.58571,0.45465
Erich75,0.65086,0.55864,0.56745,0.58379,0.45649
Erinluvsire,0.63814,0.55867,0.56568,0.58584,0.46133
ErnestoH,0.65644,0.56328,0.56959,0.58392,0.44978
ErstazMatt,0.647,0.5601,0.56685,0.58612,0.45757
Ervaan,0.64428,0.55517,0.56623,0.58634,0.4606
Escape23,0.63299,0.55236,0.56354,0.58539,0.46775
Escapefromthedesert,0.64106,0.56066,0.56789,0.589,0.4587
Esqbyday,0.6483,0.56442,0.56767,0.5852,0.45439
EssexBarnes,0.63725,0.55506,0.56264,0.58186,0.46508
Essexfamilyontour,0.64496,0.55383,0.5628,0.57855,0.46014
Esskaywe,0.65732,0.55977,0.56771,0.58332,0.45185
Esthersnippe,0.64209,0.55255,0.56292,0.57998,0.46367
Estrella1302,0.65113,0.56155,0.56782,0.58412,0.4536
Etien,0.65357,0.57147,0.57328,0.59143,0.44581
Eugene3739,0.65648,0.56577,0.56939,0.59038,0.45462
Eurail,0.64254,0.55849,0.56715,0.58784,0.46125
Europamonkey,0.65579,0.56252,0.57042,0.5895,0.45213
EuropeanPete,0.64728,0.55505,0.56386,0.57692,0.45909
EuropeaninAsia,0.6509,0.56726,0.56875,0.58389,0.45206
Evangelista,0.64993,0.56132,0.56909,0.58703,0.4522
Evanston_Jeff,0.64497,0.55578,0.56489,0.58084,0.45951
Eve159,0.64549,0.55621,0.56403,0.58017,0.45971
Eve18,0.64297,0.55571,0.56497,0.5836,0.4619
Everlong08,0.63847,0.56019,0.56681,0.58824,0.45888
EveyBl,0.65108,0.5584,0.56765,0.58586,0.45706
Evgenia_87,0.65509,0.5577,0.56384,0.57686,0.45711
EvoProudSalopian,0.64572,0.55776,0.56658,0.58714,0.46042
ExPatinNica,0.644,0.55978,0.56648,0.58255,0.45754
Explorer1012,0.65604,0.57057,0.57143,0.59013,0.45002
ExplorerX9,0.65143,0.56185,0.56804,0.58621,0.45523
F14Captain,0.63746,0.56323,0.56829,0.58822,0.45724
FBIAgent,0.63912,0.55785,0.56481,0.58637,0.46428
FDanvers,0.65024,0.55676,0.56724,0.58515,0.45589
FENTON64,0.64724,0.56165,0.56876,0.5864,0.45358
FEN_10,0.64877,0.55714,0.56589,0.58295,0.4569
FES,0.64746,0.5627,0.56843,0.58504,0.45392
FLLtourist,0.65621,0.5672,0.57012,0.58707,0.45088
FNguyen,0.64756,0.55692,0.56703,0.58519,0.45964
FOSTERSAdelaide,0.64224,0.55971,0.56637,0.58527,0.45951
FRANKGERMANYADEL,0.63149,0.55249,0.56153,0.5815,0.46906
FSHK,0.64925,0.55726,0.56627,0.58285,0.45753
FWG_11,0.65427,0.55834,0.56517,0.57537,0.45436
FY1,0.65249,0.55882,0.56605,0.57863,0.4527
Fa-HEE-tahs,0.6506,0.56033,0.56885,0.58486,0.45276
FabioEKarin,0.6404,0.56314,0.56767,0.58915,0.46012
FabulousMom,0.65291,0.55925,0.5675,0.58235,0.45313
FabulousTravels,0.65016,0.56441,0.56941,0.58754,0.45278
FairTaxBill,0.65662,0.56527,0.57094,0.58673,0.4476
FairfaxVaTraveller,0.653,0.56562,0.56873,0.5855,0.44912
FairmindedTraveler,0.64743,0.55741,0.56782,0.58794,0.4571
Faithie4,0.64841,0.56015,0.56675,0.58366,0.4565
Family1192,0.64648,0.56183,0.56777,0.58489,0.45699
FamilyFlight,0.64775,0.55921,0.56689,0.58297,0.45642
FamilyTravelJunkkie,0.64267,0.56262,0.56736,0.58232,0.45695
Familyman54,0.65175,0.56338,0.56892,0.58493,0.45219
Familyof4Scotland,0.63591,0.54569,0.55994,0.57607,0.46772
Familytour4,0.65039,0.56019,0.56853,0.58691,0.4557
FanMan10,0.65575,0.56977,0.57073,0.58714,0.44896
Farnborough,0.63634,0.54981,0.56293,0.58214,0.46579
